-- Oracle Database Backup & Migration Script
-- Generated from Sales MIS PostgreSQL/SQLite Database

-- -------------------------------------------------------------
-- Clean Up Existing Tables (Drop order matters for foreign keys)
-- -------------------------------------------------------------
BEGIN
   EXECUTE IMMEDIATE 'DROP TABLE inventory_movements CASCADE CONSTRAINTS';
EXCEPTION WHEN OTHERS THEN NULL;
END;
/

BEGIN
   EXECUTE IMMEDIATE 'DROP TABLE order_items CASCADE CONSTRAINTS';
EXCEPTION WHEN OTHERS THEN NULL;
END;
/

BEGIN
   EXECUTE IMMEDIATE 'DROP TABLE orders CASCADE CONSTRAINTS';
EXCEPTION WHEN OTHERS THEN NULL;
END;
/

BEGIN
   EXECUTE IMMEDIATE 'DROP TABLE customers CASCADE CONSTRAINTS';
EXCEPTION WHEN OTHERS THEN NULL;
END;
/

BEGIN
   EXECUTE IMMEDIATE 'DROP TABLE products CASCADE CONSTRAINTS';
EXCEPTION WHEN OTHERS THEN NULL;
END;
/

BEGIN
   EXECUTE IMMEDIATE 'DROP TABLE users CASCADE CONSTRAINTS';
EXCEPTION WHEN OTHERS THEN NULL;
END;
/

-- -------------------------------------------------------------
-- DDL - Tables Creation (Oracle Dialect)
-- -------------------------------------------------------------

CREATE TABLE users (
    id NUMBER(10) GENERATED BY DEFAULT AS IDENTITY PRIMARY KEY,
    email VARCHAR2(255) NOT NULL UNIQUE,
    full_name VARCHAR2(120) NOT NULL,
    hashed_password VARCHAR2(255) NOT NULL,
    is_active NUMBER(1) DEFAULT 1 CHECK (is_active IN (0, 1)),
    is_admin NUMBER(1) DEFAULT 0 CHECK (is_admin IN (0, 1)),
    created_at TIMESTAMP DEFAULT CURRENT_TIMESTAMP,
    updated_at TIMESTAMP DEFAULT CURRENT_TIMESTAMP
);

CREATE TABLE products (
    id NUMBER(10) GENERATED BY DEFAULT AS IDENTITY PRIMARY KEY,
    product_code VARCHAR2(30) NOT NULL UNIQUE,
    sku VARCHAR2(80) NOT NULL UNIQUE,
    name VARCHAR2(160) NOT NULL,
    category VARCHAR2(100) DEFAULT 'General',
    price NUMBER(12, 2) NOT NULL,
    stock NUMBER(10) DEFAULT 0 NOT NULL,
    reorder_level NUMBER(10) DEFAULT 15 NOT NULL,
    is_active NUMBER(1) DEFAULT 1 CHECK (is_active IN (0, 1)),
    created_at TIMESTAMP DEFAULT CURRENT_TIMESTAMP,
    updated_at TIMESTAMP DEFAULT CURRENT_TIMESTAMP
);

CREATE TABLE customers (
    id NUMBER(10) GENERATED BY DEFAULT AS IDENTITY PRIMARY KEY,
    customer_code VARCHAR2(30) NOT NULL UNIQUE,
    name VARCHAR2(120) NOT NULL,
    company VARCHAR2(160),
    email VARCHAR2(255) NOT NULL UNIQUE,
    phone VARCHAR2(40),
    segment VARCHAR2(40) DEFAULT 'Active',
    created_at TIMESTAMP DEFAULT CURRENT_TIMESTAMP,
    updated_at TIMESTAMP DEFAULT CURRENT_TIMESTAMP
);

CREATE TABLE orders (
    id NUMBER(10) GENERATED BY DEFAULT AS IDENTITY PRIMARY KEY,
    order_number VARCHAR2(40) NOT NULL UNIQUE,
    customer_id NUMBER(10) NOT NULL,
    channel VARCHAR2(60) DEFAULT 'Online Store',
    status VARCHAR2(30) DEFAULT 'Pending',
    ordered_at TIMESTAMP DEFAULT CURRENT_TIMESTAMP,
    total NUMBER(14, 2) DEFAULT 0,
    created_at TIMESTAMP DEFAULT CURRENT_TIMESTAMP,
    updated_at TIMESTAMP DEFAULT CURRENT_TIMESTAMP,
    CONSTRAINT fk_orders_customer FOREIGN KEY (customer_id) REFERENCES customers(id) ON DELETE CASCADE
);

CREATE TABLE order_items (
    id NUMBER(10) GENERATED BY DEFAULT AS IDENTITY PRIMARY KEY,
    order_id NUMBER(10) NOT NULL,
    product_id NUMBER(10) NOT NULL,
    quantity NUMBER(10) NOT NULL,
    unit_price NUMBER(12, 2) NOT NULL,
    line_total NUMBER(14, 2) NOT NULL,
    CONSTRAINT fk_items_order FOREIGN KEY (order_id) REFERENCES orders(id) ON DELETE CASCADE,
    CONSTRAINT fk_items_product FOREIGN KEY (product_id) REFERENCES products(id) ON DELETE CASCADE
);

CREATE TABLE inventory_movements (
    id NUMBER(10) GENERATED BY DEFAULT AS IDENTITY PRIMARY KEY,
    product_id NUMBER(10) NOT NULL,
    movement_type VARCHAR2(30) NOT NULL,
    quantity NUMBER(10) NOT NULL,
    note VARCHAR2(255),
    created_by NUMBER(10),
    created_at TIMESTAMP DEFAULT CURRENT_TIMESTAMP,
    CONSTRAINT fk_movements_product FOREIGN KEY (product_id) REFERENCES products(id) ON DELETE CASCADE,
    CONSTRAINT fk_movements_user FOREIGN KEY (created_by) REFERENCES users(id) ON DELETE SET NULL
);

-- -------------------------------------------------------------
-- DML - Data Ingestion (Insert statements in Dependency Order)
-- -------------------------------------------------------------

-- -------------------------------------------------------------
-- Data for table users
-- -------------------------------------------------------------
INSERT INTO users (id, email, full_name, hashed_password, is_active, is_admin, created_at, updated_at) VALUES (1, 'ahzarky@gmail.com', 'Sales MIS Admin', '$argon2id$v=19$m=65536,t=3,p=4$PLfjIeSJVUR1jMuXwpxHhw$H//GpUriB9ZJJoKDKrGqybmPnbuldsFi+DGd0p+QB14', 1, 1, TO_TIMESTAMP('2026-06-19 15:15:21', 'YYYY-MM-DD HH24:MI:SS'), TO_TIMESTAMP('2026-06-19 15:15:21', 'YYYY-MM-DD HH24:MI:SS'));

-- -------------------------------------------------------------
-- Data for table products
-- -------------------------------------------------------------
INSERT INTO products (id, product_code, sku, name, category, price, stock, reorder_level, is_active, created_at, updated_at) VALUES (1, 'PRD-DEMO-LT14', 'LT-14-PRO', 'Laptop Pro 14', 'Computers', 1299, 67, 18, 1, TO_TIMESTAMP('2026-06-27 02:44:56', 'YYYY-MM-DD HH24:MI:SS'), TO_TIMESTAMP('2026-06-27 02:44:56', 'YYYY-MM-DD HH24:MI:SS'));
INSERT INTO products (id, product_code, sku, name, category, price, stock, reorder_level, is_active, created_at, updated_at) VALUES (2, 'PRD-DEMO-PHX9', 'PH-X9', 'Phone X9', 'Mobile', 899, 30, 20, 1, TO_TIMESTAMP('2026-06-27 02:44:56', 'YYYY-MM-DD HH24:MI:SS'), TO_TIMESTAMP('2026-06-27 02:44:56', 'YYYY-MM-DD HH24:MI:SS'));
INSERT INTO products (id, product_code, sku, name, category, price, stock, reorder_level, is_active, created_at, updated_at) VALUES (3, 'PRD-DEMO-KBMECH', 'KB-MECH', 'Mechanical Keyboard', 'Accessories', 149, 7, 16, 1, TO_TIMESTAMP('2026-06-27 02:44:56', 'YYYY-MM-DD HH24:MI:SS'), TO_TIMESTAMP('2026-06-27 02:44:56', 'YYYY-MM-DD HH24:MI:SS'));
INSERT INTO products (id, product_code, sku, name, category, price, stock, reorder_level, is_active, created_at, updated_at) VALUES (4, 'PRD-DEMO-MSWL', 'MS-WL', 'Wireless Mouse', 'Accessories', 59, 45, 24, 1, TO_TIMESTAMP('2026-06-27 02:44:56', 'YYYY-MM-DD HH24:MI:SS'), TO_TIMESTAMP('2026-06-27 02:44:56', 'YYYY-MM-DD HH24:MI:SS'));
INSERT INTO products (id, product_code, sku, name, category, price, stock, reorder_level, is_active, created_at, updated_at) VALUES (5, 'PRD-DEMO-DK4K', 'DK-4K', '4K Docking Station', 'Accessories', 229, 12, 14, 1, TO_TIMESTAMP('2026-06-27 02:44:56', 'YYYY-MM-DD HH24:MI:SS'), TO_TIMESTAMP('2026-06-27 02:44:56', 'YYYY-MM-DD HH24:MI:SS'));

-- -------------------------------------------------------------
-- Data for table customers
-- -------------------------------------------------------------
INSERT INTO customers (id, customer_code, name, company, email, phone, segment, created_at, updated_at) VALUES (1, 'CUS-DEMO-MAYA', 'Maya Chen', 'Northline Retail', 'maya.chen@example.com', '+1 415 555 0141', 'VIP', TO_TIMESTAMP('2026-06-27 02:44:56', 'YYYY-MM-DD HH24:MI:SS'), TO_TIMESTAMP('2026-06-27 02:44:56', 'YYYY-MM-DD HH24:MI:SS'));
INSERT INTO customers (id, customer_code, name, company, email, phone, segment, created_at, updated_at) VALUES (2, 'CUS-DEMO-RONAN', 'Ronan Hale', 'Hale Studio', 'ronan.hale@example.com', '+1 212 555 0188', 'Active', TO_TIMESTAMP('2026-06-27 02:44:56', 'YYYY-MM-DD HH24:MI:SS'), TO_TIMESTAMP('2026-06-27 02:44:56', 'YYYY-MM-DD HH24:MI:SS'));
INSERT INTO customers (id, customer_code, name, company, email, phone, segment, created_at, updated_at) VALUES (3, 'CUS-DEMO-SARA', 'Sara Kim', 'Kim Supply', 'sara.kim@example.com', '+1 206 555 0133', 'Wholesale', TO_TIMESTAMP('2026-06-27 02:44:56', 'YYYY-MM-DD HH24:MI:SS'), TO_TIMESTAMP('2026-06-27 02:44:56', 'YYYY-MM-DD HH24:MI:SS'));
INSERT INTO customers (id, customer_code, name, company, email, phone, segment, created_at, updated_at) VALUES (4, 'CUS-DEMO-DEV', 'Dev Patel', 'Patel Goods', 'dev.patel@example.com', '+1 312 555 0164', 'Active', TO_TIMESTAMP('2026-06-27 02:44:56', 'YYYY-MM-DD HH24:MI:SS'), TO_TIMESTAMP('2026-06-27 02:44:56', 'YYYY-MM-DD HH24:MI:SS'));

-- -------------------------------------------------------------
-- Data for table orders
-- -------------------------------------------------------------
INSERT INTO orders (id, order_number, customer_id, channel, status, ordered_at, total, created_at, updated_at) VALUES (1, 'ORD-DEMO-1001', 1, 'Online Store', 'Shipped', TO_TIMESTAMP('2026-06-19 02:44:56', 'YYYY-MM-DD HH24:MI:SS'), 2893, TO_TIMESTAMP('2026-06-27 02:44:56', 'YYYY-MM-DD HH24:MI:SS'), TO_TIMESTAMP('2026-06-27 02:44:56', 'YYYY-MM-DD HH24:MI:SS'));
INSERT INTO orders (id, order_number, customer_id, channel, status, ordered_at, total, created_at, updated_at) VALUES (2, 'ORD-DEMO-1002', 3, 'Wholesale', 'Packed', TO_TIMESTAMP('2026-06-09 02:44:56', 'YYYY-MM-DD HH24:MI:SS'), 7502, TO_TIMESTAMP('2026-06-27 02:44:56', 'YYYY-MM-DD HH24:MI:SS'), TO_TIMESTAMP('2026-06-27 02:44:56', 'YYYY-MM-DD HH24:MI:SS'));
INSERT INTO orders (id, order_number, customer_id, channel, status, ordered_at, total, created_at, updated_at) VALUES (3, 'ORD-DEMO-1003', 2, 'Retail Desk', 'Pending', TO_TIMESTAMP('2026-05-26 02:44:56', 'YYYY-MM-DD HH24:MI:SS'), 683, TO_TIMESTAMP('2026-06-27 02:44:56', 'YYYY-MM-DD HH24:MI:SS'), TO_TIMESTAMP('2026-06-27 02:44:56', 'YYYY-MM-DD HH24:MI:SS'));
INSERT INTO orders (id, order_number, customer_id, channel, status, ordered_at, total, created_at, updated_at) VALUES (4, 'ORD-DEMO-1004', 4, 'Online Store', 'Delayed', TO_TIMESTAMP('2026-05-13 02:44:56', 'YYYY-MM-DD HH24:MI:SS'), 1916, TO_TIMESTAMP('2026-06-27 02:44:56', 'YYYY-MM-DD HH24:MI:SS'), TO_TIMESTAMP('2026-06-27 02:44:56', 'YYYY-MM-DD HH24:MI:SS'));
INSERT INTO orders (id, order_number, customer_id, channel, status, ordered_at, total, created_at, updated_at) VALUES (5, 'ORD-DEMO-1005', 1, 'Online Store', 'Completed', TO_TIMESTAMP('2026-04-10 02:44:56', 'YYYY-MM-DD HH24:MI:SS'), 4355, TO_TIMESTAMP('2026-06-27 02:44:56', 'YYYY-MM-DD HH24:MI:SS'), TO_TIMESTAMP('2026-06-27 02:44:56', 'YYYY-MM-DD HH24:MI:SS'));
INSERT INTO orders (id, order_number, customer_id, channel, status, ordered_at, total, created_at, updated_at) VALUES (6, 'ORD-DEMO-1006', 3, 'Wholesale', 'Completed', TO_TIMESTAMP('2026-02-21 02:44:56', 'YYYY-MM-DD HH24:MI:SS'), 5676, TO_TIMESTAMP('2026-06-27 02:44:56', 'YYYY-MM-DD HH24:MI:SS'), TO_TIMESTAMP('2026-06-27 02:44:56', 'YYYY-MM-DD HH24:MI:SS'));

-- -------------------------------------------------------------
-- Data for table order_items
-- -------------------------------------------------------------
INSERT INTO order_items (id, order_id, product_id, quantity, unit_price, line_total) VALUES (1, 1, 1, 2, 1299, 2598);
INSERT INTO order_items (id, order_id, product_id, quantity, unit_price, line_total) VALUES (2, 1, 4, 5, 59, 295);
INSERT INTO order_items (id, order_id, product_id, quantity, unit_price, line_total) VALUES (3, 2, 2, 6, 899, 5394);
INSERT INTO order_items (id, order_id, product_id, quantity, unit_price, line_total) VALUES (4, 2, 5, 4, 229, 916);
INSERT INTO order_items (id, order_id, product_id, quantity, unit_price, line_total) VALUES (5, 2, 3, 8, 149, 1192);
INSERT INTO order_items (id, order_id, product_id, quantity, unit_price, line_total) VALUES (6, 3, 3, 3, 149, 447);
INSERT INTO order_items (id, order_id, product_id, quantity, unit_price, line_total) VALUES (7, 3, 4, 4, 59, 236);
INSERT INTO order_items (id, order_id, product_id, quantity, unit_price, line_total) VALUES (8, 4, 2, 2, 899, 1798);
INSERT INTO order_items (id, order_id, product_id, quantity, unit_price, line_total) VALUES (9, 4, 4, 2, 59, 118);
INSERT INTO order_items (id, order_id, product_id, quantity, unit_price, line_total) VALUES (10, 5, 1, 3, 1299, 3897);
INSERT INTO order_items (id, order_id, product_id, quantity, unit_price, line_total) VALUES (11, 5, 5, 2, 229, 458);
INSERT INTO order_items (id, order_id, product_id, quantity, unit_price, line_total) VALUES (12, 6, 2, 4, 899, 3596);
INSERT INTO order_items (id, order_id, product_id, quantity, unit_price, line_total) VALUES (13, 6, 3, 10, 149, 1490);
INSERT INTO order_items (id, order_id, product_id, quantity, unit_price, line_total) VALUES (14, 6, 4, 10, 59, 590);

-- -------------------------------------------------------------
-- Data for table inventory_movements
-- -------------------------------------------------------------
INSERT INTO inventory_movements (id, product_id, movement_type, quantity, note, created_by, created_at) VALUES (1, 1, 'INITIAL', 72, 'Seeded opening stock', 1, TO_TIMESTAMP('2026-06-27 02:44:56', 'YYYY-MM-DD HH24:MI:SS'));
INSERT INTO inventory_movements (id, product_id, movement_type, quantity, note, created_by, created_at) VALUES (2, 2, 'INITIAL', 42, 'Seeded opening stock', 1, TO_TIMESTAMP('2026-06-27 02:44:56', 'YYYY-MM-DD HH24:MI:SS'));
INSERT INTO inventory_movements (id, product_id, movement_type, quantity, note, created_by, created_at) VALUES (3, 3, 'INITIAL', 28, 'Seeded opening stock', 1, TO_TIMESTAMP('2026-06-27 02:44:56', 'YYYY-MM-DD HH24:MI:SS'));
INSERT INTO inventory_movements (id, product_id, movement_type, quantity, note, created_by, created_at) VALUES (4, 4, 'INITIAL', 66, 'Seeded opening stock', 1, TO_TIMESTAMP('2026-06-27 02:44:56', 'YYYY-MM-DD HH24:MI:SS'));
INSERT INTO inventory_movements (id, product_id, movement_type, quantity, note, created_by, created_at) VALUES (5, 5, 'INITIAL', 18, 'Seeded opening stock', 1, TO_TIMESTAMP('2026-06-27 02:44:56', 'YYYY-MM-DD HH24:MI:SS'));
INSERT INTO inventory_movements (id, product_id, movement_type, quantity, note, created_by, created_at) VALUES (6, 1, 'SALE', -2, 'Seeded sale for ORD-DEMO-1001', 1, TO_TIMESTAMP('2026-06-27 02:44:56', 'YYYY-MM-DD HH24:MI:SS'));
INSERT INTO inventory_movements (id, product_id, movement_type, quantity, note, created_by, created_at) VALUES (7, 4, 'SALE', -5, 'Seeded sale for ORD-DEMO-1001', 1, TO_TIMESTAMP('2026-06-27 02:44:56', 'YYYY-MM-DD HH24:MI:SS'));
INSERT INTO inventory_movements (id, product_id, movement_type, quantity, note, created_by, created_at) VALUES (8, 2, 'SALE', -6, 'Seeded sale for ORD-DEMO-1002', 1, TO_TIMESTAMP('2026-06-27 02:44:56', 'YYYY-MM-DD HH24:MI:SS'));
INSERT INTO inventory_movements (id, product_id, movement_type, quantity, note, created_by, created_at) VALUES (9, 5, 'SALE', -4, 'Seeded sale for ORD-DEMO-1002', 1, TO_TIMESTAMP('2026-06-27 02:44:56', 'YYYY-MM-DD HH24:MI:SS'));
INSERT INTO inventory_movements (id, product_id, movement_type, quantity, note, created_by, created_at) VALUES (10, 3, 'SALE', -8, 'Seeded sale for ORD-DEMO-1002', 1, TO_TIMESTAMP('2026-06-27 02:44:56', 'YYYY-MM-DD HH24:MI:SS'));
INSERT INTO inventory_movements (id, product_id, movement_type, quantity, note, created_by, created_at) VALUES (11, 3, 'SALE', -3, 'Seeded sale for ORD-DEMO-1003', 1, TO_TIMESTAMP('2026-06-27 02:44:56', 'YYYY-MM-DD HH24:MI:SS'));
INSERT INTO inventory_movements (id, product_id, movement_type, quantity, note, created_by, created_at) VALUES (12, 4, 'SALE', -4, 'Seeded sale for ORD-DEMO-1003', 1, TO_TIMESTAMP('2026-06-27 02:44:56', 'YYYY-MM-DD HH24:MI:SS'));
INSERT INTO inventory_movements (id, product_id, movement_type, quantity, note, created_by, created_at) VALUES (13, 2, 'SALE', -2, 'Seeded sale for ORD-DEMO-1004', 1, TO_TIMESTAMP('2026-06-27 02:44:56', 'YYYY-MM-DD HH24:MI:SS'));
INSERT INTO inventory_movements (id, product_id, movement_type, quantity, note, created_by, created_at) VALUES (14, 4, 'SALE', -2, 'Seeded sale for ORD-DEMO-1004', 1, TO_TIMESTAMP('2026-06-27 02:44:56', 'YYYY-MM-DD HH24:MI:SS'));
INSERT INTO inventory_movements (id, product_id, movement_type, quantity, note, created_by, created_at) VALUES (15, 1, 'SALE', -3, 'Seeded sale for ORD-DEMO-1005', 1, TO_TIMESTAMP('2026-06-27 02:44:56', 'YYYY-MM-DD HH24:MI:SS'));
INSERT INTO inventory_movements (id, product_id, movement_type, quantity, note, created_by, created_at) VALUES (16, 5, 'SALE', -2, 'Seeded sale for ORD-DEMO-1005', 1, TO_TIMESTAMP('2026-06-27 02:44:56', 'YYYY-MM-DD HH24:MI:SS'));
INSERT INTO inventory_movements (id, product_id, movement_type, quantity, note, created_by, created_at) VALUES (17, 2, 'SALE', -4, 'Seeded sale for ORD-DEMO-1006', 1, TO_TIMESTAMP('2026-06-27 02:44:56', 'YYYY-MM-DD HH24:MI:SS'));
INSERT INTO inventory_movements (id, product_id, movement_type, quantity, note, created_by, created_at) VALUES (18, 3, 'SALE', -10, 'Seeded sale for ORD-DEMO-1006', 1, TO_TIMESTAMP('2026-06-27 02:44:56', 'YYYY-MM-DD HH24:MI:SS'));
INSERT INTO inventory_movements (id, product_id, movement_type, quantity, note, created_by, created_at) VALUES (19, 4, 'SALE', -10, 'Seeded sale for ORD-DEMO-1006', 1, TO_TIMESTAMP('2026-06-27 02:44:56', 'YYYY-MM-DD HH24:MI:SS'));

COMMIT;
