-- Oracle Database Backup & Migration Script
-- Generated from Sales MIS PostgreSQL/SQLite Database
-- Optimized for large enterprise datasets (future-proof & clean)

-- -------------------------------------------------------------
-- Clean Up Existing Database Objects (Prevent conflicts)
-- -------------------------------------------------------------
BEGIN
   EXECUTE IMMEDIATE 'DROP VIEW NumberClientOrdered';
EXCEPTION WHEN OTHERS THEN NULL;
END;
/

BEGIN
   EXECUTE IMMEDIATE 'DROP VIEW TotalSaleAmount';
EXCEPTION WHEN OTHERS THEN NULL;
END;
/

BEGIN
   EXECUTE IMMEDIATE 'DROP VIEW TotalAmountByOrderNo';
EXCEPTION WHEN OTHERS THEN NULL;
END;
/

BEGIN
   EXECUTE IMMEDIATE 'DROP VIEW v_product_performance';
EXCEPTION WHEN OTHERS THEN NULL;
END;
/

BEGIN
   EXECUTE IMMEDIATE 'DROP VIEW v_monthly_sales_summary';
EXCEPTION WHEN OTHERS THEN NULL;
END;
/

BEGIN
   EXECUTE IMMEDIATE 'DROP VIEW v_low_stock_alerts';
EXCEPTION WHEN OTHERS THEN NULL;
END;
/

BEGIN
   EXECUTE IMMEDIATE 'DROP TABLE inventory_movements CASCADE CONSTRAINTS';
EXCEPTION WHEN OTHERS THEN NULL;
END;
/

BEGIN
   EXECUTE IMMEDIATE 'DROP TABLE order_items CASCADE CONSTRAINTS';
EXCEPTION WHEN OTHERS THEN NULL;
END;
/

BEGIN
   EXECUTE IMMEDIATE 'DROP TABLE orders CASCADE CONSTRAINTS';
EXCEPTION WHEN OTHERS THEN NULL;
END;
/

BEGIN
   EXECUTE IMMEDIATE 'DROP TABLE employees CASCADE CONSTRAINTS';
EXCEPTION WHEN OTHERS THEN NULL;
END;
/

BEGIN
   EXECUTE IMMEDIATE 'DROP TABLE customers CASCADE CONSTRAINTS';
EXCEPTION WHEN OTHERS THEN NULL;
END;
/

BEGIN
   EXECUTE IMMEDIATE 'DROP TABLE products CASCADE CONSTRAINTS';
EXCEPTION WHEN OTHERS THEN NULL;
END;
/

BEGIN
   EXECUTE IMMEDIATE 'DROP TABLE users CASCADE CONSTRAINTS';
EXCEPTION WHEN OTHERS THEN NULL;
END;
/

-- -------------------------------------------------------------
-- DDL - Tables Creation (Oracle Dialect with Timezone Safety)
-- -------------------------------------------------------------

CREATE TABLE users (
    id NUMBER(10) GENERATED BY DEFAULT AS IDENTITY PRIMARY KEY,
    email VARCHAR2(255) NOT NULL UNIQUE,
    full_name VARCHAR2(120) NOT NULL,
    hashed_password VARCHAR2(255) NOT NULL,
    is_active NUMBER(1) DEFAULT 1 CHECK (is_active IN (0, 1)),
    is_admin NUMBER(1) DEFAULT 0 CHECK (is_admin IN (0, 1)),
    created_at TIMESTAMP WITH TIME ZONE DEFAULT CURRENT_TIMESTAMP,
    updated_at TIMESTAMP WITH TIME ZONE DEFAULT CURRENT_TIMESTAMP
);

CREATE TABLE products (
    id NUMBER(10) GENERATED BY DEFAULT AS IDENTITY PRIMARY KEY,
    product_code VARCHAR2(30) NOT NULL UNIQUE,
    sku VARCHAR2(80) NOT NULL UNIQUE,
    name VARCHAR2(160) NOT NULL,
    category VARCHAR2(100) DEFAULT 'General',
    price NUMBER(12, 2) NOT NULL,
    stock NUMBER(10) DEFAULT 0 NOT NULL,
    reorder_level NUMBER(10) DEFAULT 15 NOT NULL,
    is_active NUMBER(1) DEFAULT 1 CHECK (is_active IN (0, 1)),
    product_type VARCHAR2(100) DEFAULT 'Accessory',
    unit_measure VARCHAR2(40) DEFAULT 'Piece',
    cost_price NUMBER(12, 2) DEFAULT 0.0,
    created_at TIMESTAMP WITH TIME ZONE DEFAULT CURRENT_TIMESTAMP,
    updated_at TIMESTAMP WITH TIME ZONE DEFAULT CURRENT_TIMESTAMP
);

CREATE TABLE customers (
    id NUMBER(10) GENERATED BY DEFAULT AS IDENTITY PRIMARY KEY,
    customer_code VARCHAR2(30) NOT NULL UNIQUE,
    name VARCHAR2(120) NOT NULL,
    company VARCHAR2(160),
    email VARCHAR2(255) NOT NULL UNIQUE,
    phone VARCHAR2(40),
    segment VARCHAR2(40) DEFAULT 'Active',
    address VARCHAR2(255),
    city VARCHAR2(100),
    client_type VARCHAR2(40) DEFAULT 'Normal',
    discount NUMBER(5, 2) DEFAULT 0.0,
    created_at TIMESTAMP WITH TIME ZONE DEFAULT CURRENT_TIMESTAMP,
    updated_at TIMESTAMP WITH TIME ZONE DEFAULT CURRENT_TIMESTAMP
);

CREATE TABLE employees (
    id NUMBER(10) GENERATED BY DEFAULT AS IDENTITY PRIMARY KEY,
    name VARCHAR2(120) NOT NULL,
    gender VARCHAR2(10),
    birth_date VARCHAR2(30),
    job VARCHAR2(100),
    address VARCHAR2(255),
    phone VARCHAR2(40),
    salary NUMBER(12, 2) DEFAULT 0.0,
    remarks VARCHAR2(255),
    created_at TIMESTAMP WITH TIME ZONE DEFAULT CURRENT_TIMESTAMP,
    updated_at TIMESTAMP WITH TIME ZONE DEFAULT CURRENT_TIMESTAMP
);

CREATE TABLE orders (
    id NUMBER(10) GENERATED BY DEFAULT AS IDENTITY PRIMARY KEY,
    order_number VARCHAR2(40) NOT NULL UNIQUE,
    customer_id NUMBER(10) NOT NULL,
    channel VARCHAR2(60) DEFAULT 'Online Store',
    status VARCHAR2(30) DEFAULT 'Pending',
    ordered_at TIMESTAMP WITH TIME ZONE DEFAULT CURRENT_TIMESTAMP NOT NULL,
    total NUMBER(14, 2) DEFAULT 0,
    employee_id NUMBER(10),
    delivery_type VARCHAR2(20) DEFAULT 'F',
    delivery_date VARCHAR2(30),
    created_at TIMESTAMP WITH TIME ZONE DEFAULT CURRENT_TIMESTAMP,
    updated_at TIMESTAMP WITH TIME ZONE DEFAULT CURRENT_TIMESTAMP,
    CONSTRAINT fk_orders_customer FOREIGN KEY (customer_id) REFERENCES customers(id) ON DELETE CASCADE,
    CONSTRAINT fk_orders_employee FOREIGN KEY (employee_id) REFERENCES employees(id) ON DELETE SET NULL
);

CREATE TABLE order_items (
    id NUMBER(10) GENERATED BY DEFAULT AS IDENTITY PRIMARY KEY,
    order_id NUMBER(10) NOT NULL,
    product_id NUMBER(10) NOT NULL,
    quantity NUMBER(10) NOT NULL,
    unit_price NUMBER(12, 2) NOT NULL,
    line_total NUMBER(14, 2) NOT NULL,
    CONSTRAINT fk_items_order FOREIGN KEY (order_id) REFERENCES orders(id) ON DELETE CASCADE,
    CONSTRAINT fk_items_product FOREIGN KEY (product_id) REFERENCES products(id) ON DELETE CASCADE
);

CREATE TABLE inventory_movements (
    id NUMBER(10) GENERATED BY DEFAULT AS IDENTITY PRIMARY KEY,
    product_id NUMBER(10) NOT NULL,
    movement_type VARCHAR2(30) NOT NULL,
    quantity NUMBER(10) NOT NULL,
    note VARCHAR2(255),
    created_by NUMBER(10),
    created_at TIMESTAMP WITH TIME ZONE DEFAULT CURRENT_TIMESTAMP NOT NULL,
    CONSTRAINT fk_movements_product FOREIGN KEY (product_id) REFERENCES products(id) ON DELETE CASCADE,
    CONSTRAINT fk_movements_user FOREIGN KEY (created_by) REFERENCES users(id) ON DELETE SET NULL
);

-- -------------------------------------------------------------
-- Indexes for Big Database Performance & Join Optimization
-- -------------------------------------------------------------
CREATE INDEX idx_orders_customer_id ON orders(customer_id);
CREATE INDEX idx_orders_employee_id ON orders(employee_id);
CREATE INDEX idx_order_items_order_id ON order_items(order_id);
CREATE INDEX idx_order_items_product_id ON order_items(product_id);
CREATE INDEX idx_inv_movements_product_id ON inventory_movements(product_id);
CREATE INDEX idx_inv_movements_created_by ON inventory_movements(created_by);

-- -------------------------------------------------------------
-- Triggers for Automated updated_at Field Updates
-- -------------------------------------------------------------
CREATE OR REPLACE TRIGGER trg_users_updated_at
BEFORE UPDATE ON users
FOR EACH ROW
BEGIN
   :NEW.updated_at := CURRENT_TIMESTAMP;
END;
/

CREATE OR REPLACE TRIGGER trg_products_updated_at
BEFORE UPDATE ON products
FOR EACH ROW
BEGIN
   :NEW.updated_at := CURRENT_TIMESTAMP;
END;
/

CREATE OR REPLACE TRIGGER trg_customers_updated_at
BEFORE UPDATE ON customers
FOR EACH ROW
BEGIN
   :NEW.updated_at := CURRENT_TIMESTAMP;
END;
/

CREATE OR REPLACE TRIGGER trg_employees_updated_at
BEFORE UPDATE ON employees
FOR EACH ROW
BEGIN
   :NEW.updated_at := CURRENT_TIMESTAMP;
END;
/

CREATE OR REPLACE TRIGGER trg_orders_updated_at
BEFORE UPDATE ON orders
FOR EACH ROW
BEGIN
   :NEW.updated_at := CURRENT_TIMESTAMP;
END;
/

-- -------------------------------------------------------------
-- Analytical Database Views & Midterm Views
-- -------------------------------------------------------------
CREATE OR REPLACE VIEW v_low_stock_alerts AS
SELECT id, product_code, sku, name, stock, reorder_level
FROM products
WHERE is_active = 1 AND stock <= reorder_level;

CREATE OR REPLACE VIEW v_monthly_sales_summary AS
SELECT 
    TO_CHAR(ordered_at, 'YYYY-MM') AS sales_month,
    COUNT(id) AS total_orders,
    SUM(total) AS total_revenue,
    AVG(total) AS average_order_value
FROM orders
WHERE status != 'Cancelled'
GROUP BY TO_CHAR(ordered_at, 'YYYY-MM');

CREATE OR REPLACE VIEW v_product_performance AS
SELECT 
    p.id AS product_id,
    p.name AS product_name,
    p.sku,
    SUM(oi.quantity) AS units_sold,
    SUM(oi.line_total) AS total_revenue,
    DENSE_RANK() OVER (ORDER BY SUM(oi.quantity) DESC NULLS LAST) AS sales_rank
FROM products p
JOIN order_items oi ON p.id = oi.product_id
JOIN orders o ON o.id = oi.order_id
WHERE o.status != 'Cancelled'
GROUP BY p.id, p.name, p.sku;

CREATE OR REPLACE VIEW NumberClientOrdered AS
SELECT c.id as Client_no, c.name as ClientName, c.phone, COUNT(o.id) as NumberOrder
FROM customers c
JOIN orders o ON c.id = o.customer_id
GROUP BY c.id, c.name, c.phone;

CREATE OR REPLACE VIEW TotalSaleAmount AS
SELECT o.id as Order_No, o.ordered_at as Order_date, o.customer_id as Client_No, c.name as ClientName, p.product_code as Product_no, p.name as ProductName, od.quantity as Qty, od.unit_price as Price, od.line_total as Amount
FROM orders o
JOIN customers c ON o.customer_id = c.id
JOIN order_items od ON o.id = od.order_id
JOIN products p ON od.product_id = p.id;

CREATE OR REPLACE VIEW TotalAmountByOrderNo AS
SELECT o.id as Order_No, o.ordered_at as Order_date, o.customer_id as Client_No, c.name as ClientName, SUM(od.quantity * od.unit_price) as Amount, COUNT(od.product_id) as "Item#"
FROM orders o
JOIN customers c ON o.customer_id = c.id
JOIN order_items od ON o.id = od.order_id
GROUP BY o.id, o.ordered_at, o.customer_id, c.name;

-- -------------------------------------------------------------
-- DML - Data Ingestion (Insert statements in Dependency Order)
-- -------------------------------------------------------------

-- -------------------------------------------------------------
-- Data for table users
-- -------------------------------------------------------------
INSERT INTO users (id, email, full_name, hashed_password, is_active, is_admin, created_at, updated_at) VALUES (1, 'ahzarky@gmail.com', 'Sales MIS Admin', '$argon2id$v=19$m=65536,t=3,p=4$6DareGWxn+MlHq9aSNKjyQ$iZg/l6gZgEFy0j+lbXRX933CJp3rLC/2NsjNFdeMJKA', 1, 1, TO_TIMESTAMP('2026-07-07 10:00:46', 'YYYY-MM-DD HH24:MI:SS'), TO_TIMESTAMP('2026-07-07 10:00:46', 'YYYY-MM-DD HH24:MI:SS'));

-- -------------------------------------------------------------
-- Data for table products
-- -------------------------------------------------------------
INSERT INTO products (id, product_code, sku, name, category, price, stock, reorder_level, is_active, product_type, unit_measure, cost_price, created_at, updated_at) VALUES (1, 'P001', 'P001', 'USB 32GB', 'Accessory', 12, 120, 20, 1, 'Accessory', 'Piece', 8, TO_TIMESTAMP('2026-07-07 10:00:46', 'YYYY-MM-DD HH24:MI:SS'), TO_TIMESTAMP('2026-07-07 10:00:46', 'YYYY-MM-DD HH24:MI:SS'));
INSERT INTO products (id, product_code, sku, name, category, price, stock, reorder_level, is_active, product_type, unit_measure, cost_price, created_at, updated_at) VALUES (2, 'P002', 'P002', 'Dell Monitors', 'Monitor', 90, 35, 3, 1, 'Monitor', 'Piece', 85, TO_TIMESTAMP('2026-07-07 10:00:46', 'YYYY-MM-DD HH24:MI:SS'), TO_TIMESTAMP('2026-07-07 10:00:46', 'YYYY-MM-DD HH24:MI:SS'));
INSERT INTO products (id, product_code, sku, name, category, price, stock, reorder_level, is_active, product_type, unit_measure, cost_price, created_at, updated_at) VALUES (3, 'P003', 'P003', 'Rapoo Mouse', 'Accessory', 20, 55, 5, 1, 'Accessory', 'Piece', 15, TO_TIMESTAMP('2026-07-07 10:00:46', 'YYYY-MM-DD HH24:MI:SS'), TO_TIMESTAMP('2026-07-07 10:00:46', 'YYYY-MM-DD HH24:MI:SS'));
INSERT INTO products (id, product_code, sku, name, category, price, stock, reorder_level, is_active, product_type, unit_measure, cost_price, created_at, updated_at) VALUES (4, 'P004', 'P004', 'USB 64GB', 'Accessory', 18, 105, 20, 1, 'Accessory', 'Piece', 16, TO_TIMESTAMP('2026-07-07 10:00:46', 'YYYY-MM-DD HH24:MI:SS'), TO_TIMESTAMP('2026-07-07 10:00:46', 'YYYY-MM-DD HH24:MI:SS'));
INSERT INTO products (id, product_code, sku, name, category, price, stock, reorder_level, is_active, product_type, unit_measure, cost_price, created_at, updated_at) VALUES (5, 'P005', 'P005', 'Dell Keyboard', 'Accessory', 6, 77, 3, 1, 'Accessory', 'Piece', 4, TO_TIMESTAMP('2026-07-07 10:00:46', 'YYYY-MM-DD HH24:MI:SS'), TO_TIMESTAMP('2026-07-07 10:00:46', 'YYYY-MM-DD HH24:MI:SS'));
INSERT INTO products (id, product_code, sku, name, category, price, stock, reorder_level, is_active, product_type, unit_measure, cost_price, created_at, updated_at) VALUES (6, 'P006', 'P006', 'HP Monitor', 'Monitor', 15, 15, 3, 1, 'Monitor', 'Piece', 12, TO_TIMESTAMP('2026-07-07 10:00:46', 'YYYY-MM-DD HH24:MI:SS'), TO_TIMESTAMP('2026-07-07 10:00:46', 'YYYY-MM-DD HH24:MI:SS'));
INSERT INTO products (id, product_code, sku, name, category, price, stock, reorder_level, is_active, product_type, unit_measure, cost_price, created_at, updated_at) VALUES (7, 'P007', 'P007', 'HDD 1TB', 'Accessory', 100, 22, 3, 1, 'Accessory', 'Piece', 95, TO_TIMESTAMP('2026-07-07 10:00:46', 'YYYY-MM-DD HH24:MI:SS'), TO_TIMESTAMP('2026-07-07 10:00:46', 'YYYY-MM-DD HH24:MI:SS'));
INSERT INTO products (id, product_code, sku, name, category, price, stock, reorder_level, is_active, product_type, unit_measure, cost_price, created_at, updated_at) VALUES (8, 'P008', 'P008', 'CPU', 'Accessory', 280, 10, 3, 1, 'Accessory', 'Piece', 253.5, TO_TIMESTAMP('2026-07-07 10:00:46', 'YYYY-MM-DD HH24:MI:SS'), TO_TIMESTAMP('2026-07-07 10:00:46', 'YYYY-MM-DD HH24:MI:SS'));
INSERT INTO products (id, product_code, sku, name, category, price, stock, reorder_level, is_active, product_type, unit_measure, cost_price, created_at, updated_at) VALUES (9, 'P009', 'P009', 'RAM', 'Accessory', 0, 25, 3, 1, 'Accessory', 'Piece', 30, TO_TIMESTAMP('2026-07-07 10:00:46', 'YYYY-MM-DD HH24:MI:SS'), TO_TIMESTAMP('2026-07-07 10:00:46', 'YYYY-MM-DD HH24:MI:SS'));
INSERT INTO products (id, product_code, sku, name, category, price, stock, reorder_level, is_active, product_type, unit_measure, cost_price, created_at, updated_at) VALUES (10, 'P010', 'P010', 'HDD 2TB', 'Accessory', 70, 30, 5, 1, 'Accessory', 'Piece', 60, TO_TIMESTAMP('2026-07-07 10:00:46', 'YYYY-MM-DD HH24:MI:SS'), TO_TIMESTAMP('2026-07-07 10:00:46', 'YYYY-MM-DD HH24:MI:SS'));

-- -------------------------------------------------------------
-- Data for table customers
-- -------------------------------------------------------------
INSERT INTO customers (id, customer_code, name, company, email, phone, segment, address, city, client_type, discount, created_at, updated_at) VALUES (1, 'CUS-MID-1', 'General Customer', 'Normal', 'general@client.com', NULL, 'Normal', NULL, NULL, 'Normal', 0.0, TO_TIMESTAMP('2026-07-07 10:00:46', 'YYYY-MM-DD HH24:MI:SS'), TO_TIMESTAMP('2026-07-07 10:00:46', 'YYYY-MM-DD HH24:MI:SS'));
INSERT INTO customers (id, customer_code, name, company, email, phone, segment, address, city, client_type, discount, created_at, updated_at) VALUES (2, 'CUS-MID-2', 'Pich Samphors', 'Silver', 'pich.samphors@client.com', '012 456-897', 'Silver', '#88, Street 210', 'Phnom Penh', 'Silver', 0.05, TO_TIMESTAMP('2026-07-07 10:00:46', 'YYYY-MM-DD HH24:MI:SS'), TO_TIMESTAMP('2026-07-07 10:00:46', 'YYYY-MM-DD HH24:MI:SS'));
INSERT INTO customers (id, customer_code, name, company, email, phone, segment, address, city, client_type, discount, created_at, updated_at) VALUES (3, 'CUS-MID-3', 'Keo oudam', 'Gold', 'keo.oudam@client.com', '015 666-877', 'Gold', '#360, Street 330', 'Siem Reap', 'Gold', 0.1, TO_TIMESTAMP('2026-07-07 10:00:46', 'YYYY-MM-DD HH24:MI:SS'), TO_TIMESTAMP('2026-07-07 10:00:46', 'YYYY-MM-DD HH24:MI:SS'));
INSERT INTO customers (id, customer_code, name, company, email, phone, segment, address, city, client_type, discount, created_at, updated_at) VALUES (4, 'CUS-MID-4', 'Meas Rithy', 'Silver', 'meas.rithy@client.com', '016 666-555', 'Silver', '#54, Sreet 135', 'Sihanouk', 'Silver', 0.05, TO_TIMESTAMP('2026-07-07 10:00:46', 'YYYY-MM-DD HH24:MI:SS'), TO_TIMESTAMP('2026-07-07 10:00:46', 'YYYY-MM-DD HH24:MI:SS'));
INSERT INTO customers (id, customer_code, name, company, email, phone, segment, address, city, client_type, discount, created_at, updated_at) VALUES (5, 'CUS-MID-5', 'Pich Dara', 'Silver', 'pich.dara@client.com', '012 333-666', 'Silver', '#456, Sreet 131', 'Siem Reap', 'Silver', 0.05, TO_TIMESTAMP('2026-07-07 10:00:46', 'YYYY-MM-DD HH24:MI:SS'), TO_TIMESTAMP('2026-07-07 10:00:46', 'YYYY-MM-DD HH24:MI:SS'));
INSERT INTO customers (id, customer_code, name, company, email, phone, segment, address, city, client_type, discount, created_at, updated_at) VALUES (6, 'CUS-MID-6', 'Pen Socheat', 'Gold', 'pen.socheat@client.com', '011 564-888', 'Gold', '#122, Street 235', 'Phnom Penh', 'Gold', 0.1, TO_TIMESTAMP('2026-07-07 10:00:46', 'YYYY-MM-DD HH24:MI:SS'), TO_TIMESTAMP('2026-07-07 10:00:46', 'YYYY-MM-DD HH24:MI:SS'));
INSERT INTO customers (id, customer_code, name, company, email, phone, segment, address, city, client_type, discount, created_at, updated_at) VALUES (7, 'CUS-MID-7', 'RITHY', 'Silver', 'rithy@client.com', '015 655-777', 'Silver', '#254, Street 121', 'Kandal', 'Silver', 0.05, TO_TIMESTAMP('2026-07-07 10:00:46', 'YYYY-MM-DD HH24:MI:SS'), TO_TIMESTAMP('2026-07-07 10:00:46', 'YYYY-MM-DD HH24:MI:SS'));
INSERT INTO customers (id, customer_code, name, company, email, phone, segment, address, city, client_type, discount, created_at, updated_at) VALUES (8, 'CUS-MID-8', 'Lucky Shop', 'Silver', 'lucky.shop@client.com', '098 666-547', 'Silver', '#24, Street 210', 'Kandal', 'Silver', 0.05, TO_TIMESTAMP('2026-07-07 10:00:46', 'YYYY-MM-DD HH24:MI:SS'), TO_TIMESTAMP('2026-07-07 10:00:46', 'YYYY-MM-DD HH24:MI:SS'));
INSERT INTO customers (id, customer_code, name, company, email, phone, segment, address, city, client_type, discount, created_at, updated_at) VALUES (9, 'CUS-MID-9', 'Amrong Tuy', 'Gold', 'amrong.tuy@client.com', '017 999-733', 'Gold', '#212, Street 45', 'Phnom Penh', 'Gold', 0.1, TO_TIMESTAMP('2026-07-07 10:00:46', 'YYYY-MM-DD HH24:MI:SS'), TO_TIMESTAMP('2026-07-07 10:00:46', 'YYYY-MM-DD HH24:MI:SS'));

-- -------------------------------------------------------------
-- Data for table employees
-- -------------------------------------------------------------
INSERT INTO employees (id, name, gender, birth_date, job, address, phone, salary, remarks, created_at, updated_at) VALUES (1, 'Meas Dany', 'F', '1993-03-02', 'Sale', '#44, Street 125, PP', '015 666-999', 580, NULL, TO_TIMESTAMP('2026-07-07 10:00:46', 'YYYY-MM-DD HH24:MI:SS'), TO_TIMESTAMP('2026-07-07 10:00:46', 'YYYY-MM-DD HH24:MI:SS'));
INSERT INTO employees (id, name, gender, birth_date, job, address, phone, salary, remarks, created_at, updated_at) VALUES (2, 'Chea Rithykun', 'M', '1986-03-06', 'Admin', 'Daun Penh, Phnom Penh', '011 555-488', 1200, 'good', TO_TIMESTAMP('2026-07-07 10:00:46', 'YYYY-MM-DD HH24:MI:SS'), TO_TIMESTAMP('2026-07-07 10:00:46', 'YYYY-MM-DD HH24:MI:SS'));
INSERT INTO employees (id, name, gender, birth_date, job, address, phone, salary, remarks, created_at, updated_at) VALUES (3, 'Rin Dara', 'M', '1999-02-23', 'Clerk', '7 makara, Phnom Penh', '016 333-666', 450, 'good', TO_TIMESTAMP('2026-07-07 10:00:46', 'YYYY-MM-DD HH24:MI:SS'), TO_TIMESTAMP('2026-07-07 10:00:46', 'YYYY-MM-DD HH24:MI:SS'));
INSERT INTO employees (id, name, gender, birth_date, job, address, phone, salary, remarks, created_at, updated_at) VALUES (4, 'Keo sothea', 'M', '1993-06-28', 'Sale', 'Chamkar Morn, Phnom Penh', '098 666-888', 530, 'good', TO_TIMESTAMP('2026-07-07 10:00:46', 'YYYY-MM-DD HH24:MI:SS'), TO_TIMESTAMP('2026-07-07 10:00:46', 'YYYY-MM-DD HH24:MI:SS'));
INSERT INTO employees (id, name, gender, birth_date, job, address, phone, salary, remarks, created_at, updated_at) VALUES (5, 'Meas Chenda', 'F', '1991-03-29', 'Sale', '#77, street 21, Takhmao Town, Kandal', '012 665-888', 550, NULL, TO_TIMESTAMP('2026-07-07 10:00:46', 'YYYY-MM-DD HH24:MI:SS'), TO_TIMESTAMP('2026-07-07 10:00:46', 'YYYY-MM-DD HH24:MI:SS'));
INSERT INTO employees (id, name, gender, birth_date, job, address, phone, salary, remarks, created_at, updated_at) VALUES (6, 'CHAN ODAM', 'M', '1992-08-21', 'Accounting', '7 makara, Phnom Penh', '015 999-888', 950, 'good', TO_TIMESTAMP('2026-07-07 10:00:46', 'YYYY-MM-DD HH24:MI:SS'), TO_TIMESTAMP('2026-07-07 10:00:46', 'YYYY-MM-DD HH24:MI:SS'));
INSERT INTO employees (id, name, gender, birth_date, job, address, phone, salary, remarks, created_at, updated_at) VALUES (7, 'Keo Samneang', 'M', '1989-06-26', 'Clerk', '#28, street 210, Takhmao Town, Kandal', '096 666-5897', 420, NULL, TO_TIMESTAMP('2026-07-07 10:00:46', 'YYYY-MM-DD HH24:MI:SS'), TO_TIMESTAMP('2026-07-07 10:00:46', 'YYYY-MM-DD HH24:MI:SS'));

-- -------------------------------------------------------------
-- Data for table orders
-- -------------------------------------------------------------
INSERT INTO orders (id, order_number, customer_id, channel, status, ordered_at, total, employee_id, delivery_type, delivery_date, created_at, updated_at) VALUES (1, 'ORD-MID-0001', 6, 'Online Store', 'Fulfilled', TO_TIMESTAMP('2022-01-05 00:00:00', 'YYYY-MM-DD HH24:MI:SS'), 1515, 1, 'F', '2022-01-08', TO_TIMESTAMP('2026-07-07 10:00:46', 'YYYY-MM-DD HH24:MI:SS'), TO_TIMESTAMP('2026-07-07 10:00:46', 'YYYY-MM-DD HH24:MI:SS'));
INSERT INTO orders (id, order_number, customer_id, channel, status, ordered_at, total, employee_id, delivery_type, delivery_date, created_at, updated_at) VALUES (2, 'ORD-MID-0002', 1, 'Retail Desk', 'Cancelled', TO_TIMESTAMP('2022-05-05 00:00:00', 'YYYY-MM-DD HH24:MI:SS'), 2025, 2, 'P', '2022-07-06', TO_TIMESTAMP('2026-07-07 10:00:46', 'YYYY-MM-DD HH24:MI:SS'), TO_TIMESTAMP('2026-07-07 10:00:46', 'YYYY-MM-DD HH24:MI:SS'));
INSERT INTO orders (id, order_number, customer_id, channel, status, ordered_at, total, employee_id, delivery_type, delivery_date, created_at, updated_at) VALUES (3, 'ORD-MID-0003', 6, 'Online Store', 'Fulfilled', TO_TIMESTAMP('2023-01-05 00:00:00', 'YYYY-MM-DD HH24:MI:SS'), 685, 1, 'F', '2012-07-08', TO_TIMESTAMP('2026-07-07 10:00:46', 'YYYY-MM-DD HH24:MI:SS'), TO_TIMESTAMP('2026-07-07 10:00:46', 'YYYY-MM-DD HH24:MI:SS'));
INSERT INTO orders (id, order_number, customer_id, channel, status, ordered_at, total, employee_id, delivery_type, delivery_date, created_at, updated_at) VALUES (4, 'ORD-MID-0004', 5, 'Online Store', 'In Process', TO_TIMESTAMP('2023-01-06 00:00:00', 'YYYY-MM-DD HH24:MI:SS'), 864, 4, 'F', '2012-05-10', TO_TIMESTAMP('2026-07-07 10:00:46', 'YYYY-MM-DD HH24:MI:SS'), TO_TIMESTAMP('2026-07-07 10:00:46', 'YYYY-MM-DD HH24:MI:SS'));
INSERT INTO orders (id, order_number, customer_id, channel, status, ordered_at, total, employee_id, delivery_type, delivery_date, created_at, updated_at) VALUES (5, 'ORD-MID-0005', 1, 'Online Store', 'Fulfilled', TO_TIMESTAMP('2023-06-06 00:00:00', 'YYYY-MM-DD HH24:MI:SS'), 890, 3, 'F', '2012-06-07', TO_TIMESTAMP('2026-07-07 10:00:46', 'YYYY-MM-DD HH24:MI:SS'), TO_TIMESTAMP('2026-07-07 10:00:46', 'YYYY-MM-DD HH24:MI:SS'));
INSERT INTO orders (id, order_number, customer_id, channel, status, ordered_at, total, employee_id, delivery_type, delivery_date, created_at, updated_at) VALUES (6, 'ORD-MID-0006', 6, 'Retail Desk', 'Cancelled', TO_TIMESTAMP('2024-06-06 00:00:00', 'YYYY-MM-DD HH24:MI:SS'), 208, 2, 'P', '2012-06-09', TO_TIMESTAMP('2026-07-07 10:00:46', 'YYYY-MM-DD HH24:MI:SS'), TO_TIMESTAMP('2026-07-07 10:00:46', 'YYYY-MM-DD HH24:MI:SS'));
INSERT INTO orders (id, order_number, customer_id, channel, status, ordered_at, total, employee_id, delivery_type, delivery_date, created_at, updated_at) VALUES (7, 'ORD-MID-0007', 2, 'Retail Desk', 'Cancelled', TO_TIMESTAMP('2024-01-06 00:00:00', 'YYYY-MM-DD HH24:MI:SS'), 140, 1, 'P', '2012-06-09', TO_TIMESTAMP('2026-07-07 10:00:46', 'YYYY-MM-DD HH24:MI:SS'), TO_TIMESTAMP('2026-07-07 10:00:46', 'YYYY-MM-DD HH24:MI:SS'));
INSERT INTO orders (id, order_number, customer_id, channel, status, ordered_at, total, employee_id, delivery_type, delivery_date, created_at, updated_at) VALUES (8, 'ORD-MID-0008', 6, 'Online Store', 'Fulfilled', TO_TIMESTAMP('2024-06-10 00:00:00', 'YYYY-MM-DD HH24:MI:SS'), 240, 1, 'F', '2012-06-13', TO_TIMESTAMP('2026-07-07 10:00:46', 'YYYY-MM-DD HH24:MI:SS'), TO_TIMESTAMP('2026-07-07 10:00:46', 'YYYY-MM-DD HH24:MI:SS'));
INSERT INTO orders (id, order_number, customer_id, channel, status, ordered_at, total, employee_id, delivery_type, delivery_date, created_at, updated_at) VALUES (9, 'ORD-MID-0009', 2, 'Online Store', 'Fulfilled', TO_TIMESTAMP('2025-06-10 00:00:00', 'YYYY-MM-DD HH24:MI:SS'), 480, 4, 'F', '2012-07-13', TO_TIMESTAMP('2026-07-07 10:00:46', 'YYYY-MM-DD HH24:MI:SS'), TO_TIMESTAMP('2026-07-07 10:00:46', 'YYYY-MM-DD HH24:MI:SS'));

-- -------------------------------------------------------------
-- Data for table order_items
-- -------------------------------------------------------------
INSERT INTO order_items (id, order_id, product_id, quantity, unit_price, line_total) VALUES (1, 1, 1, 20, 12, 240);
INSERT INTO order_items (id, order_id, product_id, quantity, unit_price, line_total) VALUES (2, 1, 2, 10, 95, 950);
INSERT INTO order_items (id, order_id, product_id, quantity, unit_price, line_total) VALUES (3, 1, 7, 5, 65, 325);
INSERT INTO order_items (id, order_id, product_id, quantity, unit_price, line_total) VALUES (4, 2, 1, 15, 12, 180);
INSERT INTO order_items (id, order_id, product_id, quantity, unit_price, line_total) VALUES (5, 2, 3, 30, 18, 540);
INSERT INTO order_items (id, order_id, product_id, quantity, unit_price, line_total) VALUES (6, 2, 4, 50, 18, 900);
INSERT INTO order_items (id, order_id, product_id, quantity, unit_price, line_total) VALUES (7, 2, 5, 45, 9, 405);
INSERT INTO order_items (id, order_id, product_id, quantity, unit_price, line_total) VALUES (8, 3, 2, 2, 95, 190);
INSERT INTO order_items (id, order_id, product_id, quantity, unit_price, line_total) VALUES (9, 3, 3, 5, 18, 90);
INSERT INTO order_items (id, order_id, product_id, quantity, unit_price, line_total) VALUES (10, 3, 4, 10, 18, 180);
INSERT INTO order_items (id, order_id, product_id, quantity, unit_price, line_total) VALUES (11, 3, 10, 3, 75, 225);
INSERT INTO order_items (id, order_id, product_id, quantity, unit_price, line_total) VALUES (12, 4, 1, 15, 12, 180);
INSERT INTO order_items (id, order_id, product_id, quantity, unit_price, line_total) VALUES (13, 4, 3, 8, 18, 144);
INSERT INTO order_items (id, order_id, product_id, quantity, unit_price, line_total) VALUES (14, 4, 4, 30, 18, 540);
INSERT INTO order_items (id, order_id, product_id, quantity, unit_price, line_total) VALUES (15, 5, 2, 5, 95, 475);
INSERT INTO order_items (id, order_id, product_id, quantity, unit_price, line_total) VALUES (16, 5, 5, 10, 9, 90);
INSERT INTO order_items (id, order_id, product_id, quantity, unit_price, line_total) VALUES (17, 5, 7, 5, 65, 325);
INSERT INTO order_items (id, order_id, product_id, quantity, unit_price, line_total) VALUES (18, 6, 2, 2, 95, 190);
INSERT INTO order_items (id, order_id, product_id, quantity, unit_price, line_total) VALUES (19, 6, 5, 2, 9, 18);
INSERT INTO order_items (id, order_id, product_id, quantity, unit_price, line_total) VALUES (20, 7, 7, 1, 65, 65);
INSERT INTO order_items (id, order_id, product_id, quantity, unit_price, line_total) VALUES (21, 7, 10, 1, 75, 75);
INSERT INTO order_items (id, order_id, product_id, quantity, unit_price, line_total) VALUES (22, 8, 3, 10, 15, 150);
INSERT INTO order_items (id, order_id, product_id, quantity, unit_price, line_total) VALUES (23, 8, 5, 10, 9, 90);
INSERT INTO order_items (id, order_id, product_id, quantity, unit_price, line_total) VALUES (24, 9, 1, 10, 12, 120);
INSERT INTO order_items (id, order_id, product_id, quantity, unit_price, line_total) VALUES (25, 9, 4, 15, 18, 270);
INSERT INTO order_items (id, order_id, product_id, quantity, unit_price, line_total) VALUES (26, 9, 5, 10, 9, 90);

-- -------------------------------------------------------------
-- Data for table inventory_movements
-- -------------------------------------------------------------

COMMIT;
